type,id_simulated,num_nodes,tour,cost,start,end,seconds
B&B,0,3,"[0, 1, 2]",442,2024-09-29 02:39:50.837643,2024-09-29 02:39:50.837690,4.7e-05
GA-P,0,3,"[2, 1, 0]",442,2024-09-29 02:39:50.837734,2024-09-29 02:39:50.840129,0.002395
GA-N,0,3,"[2, 1, 0]",442,2024-09-29 02:39:50.840178,2024-09-29 02:39:50.842079,0.001901
B&B,1,3,"[0, 1, 2]",706,2024-09-29 02:39:50.842124,2024-09-29 02:39:50.842160,3.6e-05
GA-P,1,3,"[2, 0, 1]",706,2024-09-29 02:39:50.842193,2024-09-29 02:39:50.843363,0.00117
GA-N,1,3,"[2, 1, 0]",706,2024-09-29 02:39:50.843399,2024-09-29 02:39:50.845282,0.001883
B&B,2,3,"[0, 1, 2]",581,2024-09-29 02:39:50.845333,2024-09-29 02:39:50.845365,3.2e-05
GA-P,2,3,"[2, 1, 0]",581,2024-09-29 02:39:50.845397,2024-09-29 02:39:50.847347,0.00195
GA-N,2,3,"[0, 1, 2]",581,2024-09-29 02:39:50.847383,2024-09-29 02:39:50.848556,0.001173
B&B,3,3,"[0, 1, 2]",605,2024-09-29 02:39:50.848595,2024-09-29 02:39:50.848625,3e-05
GA-P,3,3,"[2, 1, 0]",605,2024-09-29 02:39:50.848655,2024-09-29 02:39:50.850612,0.001957
GA-N,3,3,"[2, 1, 0]",605,2024-09-29 02:39:50.850648,2024-09-29 02:39:50.852458,0.00181
B&B,4,3,"[0, 1, 2]",587,2024-09-29 02:39:50.852497,2024-09-29 02:39:50.852525,2.8e-05
GA-P,4,3,"[2, 1, 0]",587,2024-09-29 02:39:50.852559,2024-09-29 02:39:50.854452,0.001893
GA-N,4,3,"[2, 1, 0]",587,2024-09-29 02:39:50.854489,2024-09-29 02:39:50.856284,0.001795
B&B,5,3,"[0, 1, 2]",399,2024-09-29 02:39:50.856346,2024-09-29 02:39:50.856377,3.1e-05
GA-P,5,3,"[2, 1, 0]",399,2024-09-29 02:39:50.856408,2024-09-29 02:39:50.858470,0.002062
GA-N,5,3,"[0, 1, 2]",399,2024-09-29 02:39:50.858513,2024-09-29 02:39:50.859695,0.001182
B&B,6,3,"[0, 1, 2]",544,2024-09-29 02:39:50.859807,2024-09-29 02:39:50.859861,5.4e-05
GA-P,6,3,"[2, 1, 0]",544,2024-09-29 02:39:50.859900,2024-09-29 02:39:50.861876,0.001976
GA-N,6,3,"[0, 2, 1]",544,2024-09-29 02:39:50.861917,2024-09-29 02:39:50.863202,0.001285
B&B,7,3,"[0, 1, 2]",133,2024-09-29 02:39:50.863282,2024-09-29 02:39:50.863314,3.2e-05
GA-P,7,3,"[2, 1, 0]",133,2024-09-29 02:39:50.863345,2024-09-29 02:39:50.865267,0.001922
GA-N,7,3,"[2, 0, 1]",133,2024-09-29 02:39:50.865304,2024-09-29 02:39:50.866417,0.001113
B&B,8,3,"[0, 1, 2]",595,2024-09-29 02:39:50.866455,2024-09-29 02:39:50.866485,3e-05
GA-P,8,3,"[2, 1, 0]",595,2024-09-29 02:39:50.866515,2024-09-29 02:39:50.868442,0.001927
GA-N,8,3,"[2, 1, 0]",595,2024-09-29 02:39:50.868478,2024-09-29 02:39:50.870234,0.001756
B&B,9,3,"[0, 1, 2]",725,2024-09-29 02:39:50.870273,2024-09-29 02:39:50.870302,2.9e-05
GA-P,9,3,"[2, 1, 0]",725,2024-09-29 02:39:50.870332,2024-09-29 02:39:50.872226,0.001894
GA-N,9,3,"[2, 1, 0]",725,2024-09-29 02:39:50.872262,2024-09-29 02:39:50.873993,0.001731
B&B,10,4,"[0, 2, 1, 3]",447,2024-09-29 02:39:50.874063,2024-09-29 02:39:50.874121,5.8e-05
GA-P,10,4,"[0, 2, 1, 3]",447,2024-09-29 02:39:50.874158,2024-09-29 02:39:50.877766,0.003608
GA-N,10,4,"[0, 2, 1, 3]",447,2024-09-29 02:39:50.877810,2024-09-29 02:39:50.880945,0.003135
B&B,11,4,"[0, 2, 3, 1]",679,2024-09-29 02:39:50.880995,2024-09-29 02:39:50.881054,5.9e-05
GA-P,11,4,"[3, 1, 0, 2]",679,2024-09-29 02:39:50.881092,2024-09-29 02:39:50.884366,0.003274
GA-N,11,4,"[3, 1, 0, 2]",679,2024-09-29 02:39:50.884408,2024-09-29 02:39:50.887568,0.00316
B&B,12,4,"[0, 1, 2, 3]",633,2024-09-29 02:39:50.887611,2024-09-29 02:39:50.887668,5.7e-05
GA-P,12,4,"[3, 2, 1, 0]",633,2024-09-29 02:39:50.887706,2024-09-29 02:39:50.891078,0.003372
GA-N,12,4,"[3, 2, 1, 0]",633,2024-09-29 02:39:50.891129,2024-09-29 02:39:50.894261,0.003132
B&B,13,4,"[0, 1, 2, 3]",237,2024-09-29 02:39:50.894312,2024-09-29 02:39:50.894370,5.8e-05
GA-P,13,4,"[3, 2, 1, 0]",237,2024-09-29 02:39:50.894408,2024-09-29 02:39:50.897706,0.003298
GA-N,13,4,"[3, 2, 1, 0]",237,2024-09-29 02:39:50.897749,2024-09-29 02:39:50.900877,0.003128
B&B,14,4,"[0, 3, 1, 2]",250,2024-09-29 02:39:50.902486,2024-09-29 02:39:50.902542,5.6e-05
GA-P,14,4,"[0, 2, 1, 3]",250,2024-09-29 02:39:50.902586,2024-09-29 02:39:50.905915,0.003329
GA-N,14,4,"[0, 2, 1, 3]",250,2024-09-29 02:39:50.905959,2024-09-29 02:39:50.909003,0.003044
B&B,15,4,"[0, 2, 3, 1]",303,2024-09-29 02:39:50.909052,2024-09-29 02:39:50.909106,5.4e-05
GA-P,15,4,"[3, 1, 0, 2]",303,2024-09-29 02:39:50.909143,2024-09-29 02:39:50.912411,0.003268
GA-N,15,4,"[3, 1, 0, 2]",303,2024-09-29 02:39:50.912453,2024-09-29 02:39:50.915496,0.003043
B&B,16,4,"[0, 3, 1, 2]",467,2024-09-29 02:39:50.915540,2024-09-29 02:39:50.915596,5.6e-05
GA-P,16,4,"[0, 2, 1, 3]",467,2024-09-29 02:39:50.915632,2024-09-29 02:39:50.918927,0.003295
GA-N,16,4,"[0, 2, 1, 3]",467,2024-09-29 02:39:50.918970,2024-09-29 02:39:50.922051,0.003081
B&B,17,4,"[0, 2, 1, 3]",813,2024-09-29 02:39:50.922449,2024-09-29 02:39:50.922508,5.9e-05
GA-P,17,4,"[0, 2, 1, 3]",813,2024-09-29 02:39:50.922550,2024-09-29 02:39:50.925862,0.003312
GA-N,17,4,"[0, 2, 1, 3]",813,2024-09-29 02:39:50.925906,2024-09-29 02:39:50.928935,0.003029
B&B,18,4,"[0, 1, 2, 3]",772,2024-09-29 02:39:50.928978,2024-09-29 02:39:50.929036,5.8e-05
GA-P,18,4,"[3, 2, 1, 0]",772,2024-09-29 02:39:50.929073,2024-09-29 02:39:50.932443,0.00337
GA-N,18,4,"[3, 2, 1, 0]",772,2024-09-29 02:39:50.932487,2024-09-29 02:39:50.935611,0.003124
B&B,19,4,"[0, 3, 1, 2]",641,2024-09-29 02:39:50.935653,2024-09-29 02:39:50.935709,5.6e-05
GA-P,19,4,"[0, 2, 1, 3]",641,2024-09-29 02:39:50.935746,2024-09-29 02:39:50.938984,0.003238
GA-N,19,4,"[0, 2, 1, 3]",641,2024-09-29 02:39:50.939027,2024-09-29 02:39:50.942119,0.003092
B&B,20,5,"[0, 4, 3, 1, 2]",687,2024-09-29 02:39:50.942504,2024-09-29 02:39:50.942676,0.000172
GA-P,20,5,"[2, 1, 3, 4, 0]",687,2024-09-29 02:39:50.942730,2024-09-29 02:39:50.948218,0.005488
GA-N,20,5,"[3, 1, 2, 0, 4]",687,2024-09-29 02:39:50.948273,2024-09-29 02:39:50.953367,0.005094
B&B,21,5,"[0, 1, 3, 4, 2]",545,2024-09-29 02:39:50.953425,2024-09-29 02:39:50.953580,0.000155
GA-P,21,5,"[3, 1, 0, 2, 4]",545,2024-09-29 02:39:50.953626,2024-09-29 02:39:50.959154,0.005528
GA-N,21,5,"[3, 1, 0, 2, 4]",545,2024-09-29 02:39:50.959212,2024-09-29 02:39:50.964245,0.005033
B&B,22,5,"[0, 1, 4, 3, 2]",456,2024-09-29 02:39:50.964291,2024-09-29 02:39:50.964438,0.000147
GA-P,22,5,"[0, 2, 3, 4, 1]",456,2024-09-29 02:39:50.964607,2024-09-29 02:39:50.970070,0.005463
GA-N,22,5,"[0, 2, 3, 4, 1]",456,2024-09-29 02:39:50.970126,2024-09-29 02:39:50.975349,0.005223
B&B,23,5,"[0, 4, 1, 2, 3]",465,2024-09-29 02:39:50.975440,2024-09-29 02:39:50.975601,0.000161
GA-P,23,5,"[3, 2, 1, 4, 0]",465,2024-09-29 02:39:50.975650,2024-09-29 02:39:50.981194,0.005544
GA-N,23,5,"[3, 2, 1, 4, 0]",465,2024-09-29 02:39:50.981289,2024-09-29 02:39:50.986321,0.005032
B&B,24,5,"[0, 1, 2, 4, 3]",818,2024-09-29 02:39:50.986410,2024-09-29 02:39:50.986586,0.000176
GA-P,24,5,"[1, 2, 4, 3, 0]",818,2024-09-29 02:39:50.986632,2024-09-29 02:39:50.991973,0.005341
GA-N,24,5,"[1, 2, 4, 3, 0]",818,2024-09-29 02:39:50.992067,2024-09-29 02:39:50.997068,0.005001
B&B,25,5,"[0, 4, 2, 1, 3]",351,2024-09-29 02:39:50.997187,2024-09-29 02:39:50.997310,0.000123
GA-P,25,5,"[3, 1, 2, 4, 0]",351,2024-09-29 02:39:50.997358,2024-09-29 02:39:51.002747,0.005389
GA-N,25,5,"[2, 1, 3, 0, 4]",351,2024-09-29 02:39:51.002806,2024-09-29 02:39:51.008036,0.00523
B&B,26,5,"[0, 3, 2, 4, 1]",422,2024-09-29 02:39:51.008085,2024-09-29 02:39:51.008234,0.000149
GA-P,26,5,"[4, 1, 0, 3, 2]",422,2024-09-29 02:39:51.008376,2024-09-29 02:39:51.013547,0.005171
GA-N,26,5,"[3, 2, 4, 1, 0]",422,2024-09-29 02:39:51.013654,2024-09-29 02:39:51.018706,0.005052
B&B,27,5,"[0, 1, 3, 4, 2]",662,2024-09-29 02:39:51.018751,2024-09-29 02:39:51.018925,0.000174
GA-P,27,5,"[3, 1, 0, 2, 4]",662,2024-09-29 02:39:51.018974,2024-09-29 02:39:51.024430,0.005456
GA-N,27,5,"[3, 1, 0, 2, 4]",662,2024-09-29 02:39:51.024488,2024-09-29 02:39:51.029645,0.005157
B&B,28,5,"[0, 3, 2, 1, 4]",438,2024-09-29 02:39:51.029692,2024-09-29 02:39:51.029861,0.000169
GA-P,28,5,"[3, 2, 1, 4, 0]",438,2024-09-29 02:39:51.029999,2024-09-29 02:39:51.035524,0.005525
GA-N,28,5,"[3, 2, 1, 4, 0]",438,2024-09-29 02:39:51.035578,2024-09-29 02:39:51.040725,0.005147
B&B,29,5,"[0, 1, 3, 2, 4]",404,2024-09-29 02:39:51.040773,2024-09-29 02:39:51.040941,0.000168
GA-P,29,5,"[1, 3, 2, 4, 0]",404,2024-09-29 02:39:51.040989,2024-09-29 02:39:51.046408,0.005419
GA-N,29,5,"[1, 3, 2, 4, 0]",404,2024-09-29 02:39:51.046508,2024-09-29 02:39:51.051509,0.005001
B&B,30,6,"[0, 3, 1, 2, 5, 4]",693,2024-09-29 02:39:51.051561,2024-09-29 02:39:51.052278,0.000717
GA-P,30,6,"[1, 2, 5, 4, 0, 3]",693,2024-09-29 02:39:51.052340,2024-09-29 02:39:51.058528,0.006188
GA-N,30,6,"[4, 5, 2, 1, 3, 0]",693,2024-09-29 02:39:51.058595,2024-09-29 02:39:51.064445,0.00585
B&B,31,6,"[0, 3, 5, 1, 2, 4]",499,2024-09-29 02:39:51.064501,2024-09-29 02:39:51.065073,0.000572
GA-P,31,6,"[3, 5, 1, 2, 4, 0]",499,2024-09-29 02:39:51.065237,2024-09-29 02:39:51.071370,0.006133
GA-N,31,6,"[1, 2, 4, 0, 3, 5]",499,2024-09-29 02:39:51.071490,2024-09-29 02:39:51.077805,0.006315
B&B,32,6,"[0, 1, 5, 2, 3, 4]",536,2024-09-29 02:39:51.077865,2024-09-29 02:39:51.078372,0.000507
GA-P,32,6,"[5, 1, 0, 4, 3, 2]",536,2024-09-29 02:39:51.078540,2024-09-29 02:39:51.084640,0.0061
GA-N,32,6,"[2, 5, 1, 0, 4, 3]",536,2024-09-29 02:39:51.084753,2024-09-29 02:39:51.091319,0.006566
B&B,33,6,"[0, 3, 4, 1, 5, 2]",719,2024-09-29 02:39:51.091376,2024-09-29 02:39:51.092094,0.000718
GA-P,33,6,"[3, 0, 2, 5, 1, 4]",719,2024-09-29 02:39:51.092156,2024-09-29 02:39:51.098111,0.005955
GA-N,33,6,"[3, 0, 2, 5, 1, 4]",719,2024-09-29 02:39:51.098182,2024-09-29 02:39:51.104143,0.005961
B&B,34,6,"[0, 5, 2, 4, 3, 1]",546,2024-09-29 02:39:51.104198,2024-09-29 02:39:51.104723,0.000525
GA-P,34,6,"[4, 2, 5, 0, 1, 3]",546,2024-09-29 02:39:51.104785,2024-09-29 02:39:51.111587,0.006802
GA-N,34,6,"[5, 0, 1, 3, 4, 2]",546,2024-09-29 02:39:51.111654,2024-09-29 02:39:51.117021,0.005367
B&B,35,6,"[0, 1, 4, 5, 2, 3]",521,2024-09-29 02:39:51.117073,2024-09-29 02:39:51.117584,0.000511
GA-P,35,6,"[2, 5, 4, 1, 0, 3]",521,2024-09-29 02:39:51.117645,2024-09-29 02:39:51.124668,0.007023
GA-N,35,6,"[2, 3, 0, 1, 4, 5]",521,2024-09-29 02:39:51.124819,2024-09-29 02:39:51.130520,0.005701
B&B,36,6,"[0, 3, 2, 1, 4, 5]",582,2024-09-29 02:39:51.130632,2024-09-29 02:39:51.131230,0.000598
GA-P,36,6,"[4, 1, 2, 3, 0, 5]",582,2024-09-29 02:39:51.131293,2024-09-29 02:39:51.137355,0.006062
GA-N,36,6,"[3, 2, 1, 4, 5, 0]",582,2024-09-29 02:39:51.137422,2024-09-29 02:39:51.142956,0.005534
B&B,37,6,"[0, 3, 4, 5, 2, 1]",414,2024-09-29 02:39:51.143056,2024-09-29 02:39:51.143529,0.000473
GA-P,37,6,"[0, 1, 2, 5, 4, 3]",414,2024-09-29 02:39:51.143589,2024-09-29 02:39:51.149881,0.006292
GA-N,37,6,"[0, 3, 4, 5, 2, 1]",414,2024-09-29 02:39:51.149993,2024-09-29 02:39:51.155915,0.005922
B&B,38,6,"[0, 3, 5, 4, 2, 1]",570,2024-09-29 02:39:51.155970,2024-09-29 02:39:51.156549,0.000579
GA-P,38,6,"[0, 3, 5, 4, 2, 1]",570,2024-09-29 02:39:51.156606,2024-09-29 02:39:51.162906,0.0063
GA-N,38,6,"[4, 5, 3, 0, 1, 2]",570,2024-09-29 02:39:51.163015,2024-09-29 02:39:51.169008,0.005993
B&B,39,6,"[0, 4, 2, 3, 5, 1]",369,2024-09-29 02:39:51.169061,2024-09-29 02:39:51.169499,0.000438
GA-P,39,6,"[1, 0, 4, 2, 3, 5]",369,2024-09-29 02:39:51.169664,2024-09-29 02:39:51.175763,0.006099
GA-N,39,6,"[1, 0, 4, 2, 3, 5]",369,2024-09-29 02:39:51.175836,2024-09-29 02:39:51.181396,0.00556
B&B,40,7,"[0, 4, 6, 1, 5, 2, 3]",463,2024-09-29 02:39:51.181457,2024-09-29 02:39:51.182746,0.001289
GA-P,40,7,"[6, 1, 5, 2, 3, 0, 4]",463,2024-09-29 02:39:51.182825,2024-09-29 02:39:51.193433,0.010608
GA-N,40,7,"[3, 0, 4, 6, 1, 5, 2]",463,2024-09-29 02:39:51.193518,2024-09-29 02:39:51.202340,0.008822
B&B,41,7,"[0, 1, 5, 6, 3, 4, 2]",398,2024-09-29 02:39:51.202456,2024-09-29 02:39:51.203578,0.001122
GA-P,41,7,"[3, 6, 5, 1, 0, 2, 4]",398,2024-09-29 02:39:51.203655,2024-09-29 02:39:51.214947,0.011292
GA-N,41,7,"[3, 4, 2, 0, 1, 5, 6]",398,2024-09-29 02:39:51.215071,2024-09-29 02:39:51.224487,0.009416
B&B,42,7,"[0, 6, 2, 1, 5, 3, 4]",449,2024-09-29 02:39:51.224549,2024-09-29 02:39:51.226210,0.001661
GA-P,42,7,"[6, 2, 1, 5, 3, 4, 0]",449,2024-09-29 02:39:51.226287,2024-09-29 02:39:51.237337,0.01105
GA-N,42,7,"[1, 5, 3, 4, 0, 6, 2]",449,2024-09-29 02:39:51.237459,2024-09-29 02:39:51.245644,0.008185
B&B,43,7,"[0, 4, 1, 5, 3, 6, 2]",646,2024-09-29 02:39:51.245705,2024-09-29 02:39:51.248149,0.002444
GA-P,43,7,"[3, 6, 2, 0, 4, 1, 5]",646,2024-09-29 02:39:51.248225,2024-09-29 02:39:51.258346,0.010121
GA-N,43,7,"[5, 1, 4, 0, 2, 6, 3]",646,2024-09-29 02:39:51.258484,2024-09-29 02:39:51.267330,0.008846
B&B,44,7,"[0, 2, 6, 1, 4, 5, 3]",450,2024-09-29 02:39:51.267433,2024-09-29 02:39:51.269015,0.001582
GA-P,44,7,"[1, 4, 5, 3, 0, 2, 6]",450,2024-09-29 02:39:51.269092,2024-09-29 02:39:51.280506,0.011414
GA-N,44,7,"[4, 1, 6, 2, 0, 3, 5]",450,2024-09-29 02:39:51.280590,2024-09-29 02:39:51.292638,0.012048
B&B,45,7,"[0, 2, 3, 5, 4, 6, 1]",789,2024-09-29 02:39:51.292699,2024-09-29 02:39:51.295803,0.003104
GA-P,45,7,"[0, 2, 3, 5, 4, 6, 1]",789,2024-09-29 02:39:51.295883,2024-09-29 02:39:51.310040,0.014157
GA-N,45,7,"[6, 1, 0, 2, 3, 5, 4]",789,2024-09-29 02:39:51.310279,2024-09-29 02:39:51.318271,0.007992
B&B,46,7,"[0, 2, 1, 6, 4, 3, 5]",507,2024-09-29 02:39:51.318339,2024-09-29 02:39:51.321137,0.002798
GA-P,46,7,"[2, 1, 6, 4, 3, 5, 0]",507,2024-09-29 02:39:51.321221,2024-09-29 02:39:51.331127,0.009906
GA-N,46,7,"[4, 3, 5, 0, 2, 1, 6]",507,2024-09-29 02:39:51.331212,2024-09-29 02:39:51.339258,0.008046
B&B,47,7,"[0, 4, 1, 3, 2, 6, 5]",282,2024-09-29 02:39:51.339368,2024-09-29 02:39:51.339918,0.00055
GA-P,47,7,"[5, 0, 4, 1, 3, 2, 6]",282,2024-09-29 02:39:51.339993,2024-09-29 02:39:51.349821,0.009828
GA-N,47,7,"[1, 3, 2, 6, 5, 0, 4]",282,2024-09-29 02:39:51.349905,2024-09-29 02:39:51.357825,0.00792
B&B,48,7,"[0, 5, 2, 6, 4, 3, 1]",421,2024-09-29 02:39:51.357894,2024-09-29 02:39:51.358755,0.000861
GA-P,48,7,"[3, 1, 0, 5, 2, 6, 4]",421,2024-09-29 02:39:51.358833,2024-09-29 02:39:51.367996,0.009163
GA-N,48,7,"[3, 4, 6, 2, 5, 0, 1]",421,2024-09-29 02:39:51.368121,2024-09-29 02:39:51.380346,0.012225
B&B,49,7,"[0, 5, 6, 1, 3, 2, 4]",656,2024-09-29 02:39:51.380407,2024-09-29 02:39:51.383324,0.002917
GA-P,49,7,"[1, 6, 5, 0, 4, 2, 3]",656,2024-09-29 02:39:51.383400,2024-09-29 02:39:51.393721,0.010321
GA-N,49,7,"[0, 4, 2, 3, 1, 6, 5]",656,2024-09-29 02:39:51.393807,2024-09-29 02:39:51.402801,0.008994
B&B,50,8,"[0, 2, 6, 7, 5, 4, 1, 3]",770,2024-09-29 02:39:51.402929,2024-09-29 02:39:51.420098,0.017169
GA-P,50,8,"[5, 4, 1, 3, 0, 2, 6, 7]",770,2024-09-29 02:39:51.420197,2024-09-29 02:39:51.434354,0.014157
GA-N,50,8,"[5, 4, 1, 3, 0, 2, 6, 7]",770,2024-09-29 02:39:51.434493,2024-09-29 02:39:51.447809,0.013316
B&B,51,8,"[0, 2, 1, 5, 4, 3, 6, 7]",725,2024-09-29 02:39:51.447882,2024-09-29 02:39:51.458260,0.010378
GA-P,51,8,"[5, 1, 2, 0, 7, 6, 3, 4]",725,2024-09-29 02:39:51.458399,2024-09-29 02:39:51.471120,0.012721
GA-N,51,8,"[2, 1, 5, 4, 3, 6, 7, 0]",725,2024-09-29 02:39:51.471255,2024-09-29 02:39:51.485100,0.013845
B&B,52,8,"[0, 5, 2, 1, 3, 6, 4, 7]",547,2024-09-29 02:39:51.485169,2024-09-29 02:39:51.493470,0.008301
GA-P,52,8,"[4, 7, 0, 5, 2, 1, 3, 6]",547,2024-09-29 02:39:51.493565,2024-09-29 02:39:51.506970,0.013405
GA-N,52,8,"[2, 1, 3, 6, 4, 7, 0, 5]",547,2024-09-29 02:39:51.507119,2024-09-29 02:39:51.523526,0.016407
B&B,53,8,"[0, 7, 3, 2, 6, 1, 4, 5]",556,2024-09-29 02:39:51.523598,2024-09-29 02:39:51.532004,0.008406
GA-P,53,8,"[0, 7, 3, 2, 6, 1, 4, 5]",556,2024-09-29 02:39:51.532103,2024-09-29 02:39:51.546822,0.014719
GA-N,53,8,"[1, 6, 2, 3, 7, 0, 5, 4]",556,2024-09-29 02:39:51.546929,2024-09-29 02:39:51.572171,0.025242
B&B,54,8,"[0, 3, 4, 2, 6, 7, 5, 1]",256,2024-09-29 02:39:51.572302,2024-09-29 02:39:51.573257,0.000955
GA-P,54,8,"[4, 3, 0, 1, 5, 7, 6, 2]",256,2024-09-29 02:39:51.573351,2024-09-29 02:39:51.586170,0.012819
GA-N,54,8,"[3, 4, 2, 6, 7, 5, 1, 0]",256,2024-09-29 02:39:51.586270,2024-09-29 02:39:51.600699,0.014429
B&B,55,8,"[0, 5, 1, 6, 4, 2, 7, 3]",383,2024-09-29 02:39:51.600771,2024-09-29 02:39:51.607591,0.00682
GA-P,55,8,"[0, 3, 7, 2, 4, 6, 1, 5]",383,2024-09-29 02:39:51.607690,2024-09-29 02:39:51.622361,0.014671
GA-N,55,8,"[6, 4, 0, 5, 7, 3, 2, 1]",383,2024-09-29 02:39:51.622461,2024-09-29 02:39:51.634995,0.012534
B&B,56,8,"[0, 6, 7, 4, 5, 1, 3, 2]",734,2024-09-29 02:39:51.635106,2024-09-29 02:39:51.644185,0.009079
GA-P,56,8,"[0, 2, 3, 1, 5, 4, 7, 6]",734,2024-09-29 02:39:51.644284,2024-09-29 02:39:51.663744,0.01946
GA-N,56,8,"[2, 3, 1, 5, 4, 7, 6, 0]",734,2024-09-29 02:39:51.663849,2024-09-29 02:39:51.684142,0.020293
B&B,57,8,"[0, 3, 5, 2, 7, 4, 1, 6]",497,2024-09-29 02:39:51.684212,2024-09-29 02:39:51.689073,0.004861
GA-P,57,8,"[4, 1, 6, 0, 3, 5, 2, 7]",497,2024-09-29 02:39:51.689167,2024-09-29 02:39:51.702783,0.013616
GA-N,57,8,"[5, 3, 0, 6, 1, 4, 7, 2]",497,2024-09-29 02:39:51.702886,2024-09-29 02:39:51.720220,0.017334
B&B,58,8,"[0, 2, 5, 6, 3, 1, 7, 4]",427,2024-09-29 02:39:51.720334,2024-09-29 02:39:51.724890,0.004556
GA-P,58,8,"[1, 3, 6, 5, 2, 0, 4, 7]",427,2024-09-29 02:39:51.724984,2024-09-29 02:39:51.739684,0.0147
GA-N,58,8,"[7, 1, 3, 6, 5, 2, 0, 4]",427,2024-09-29 02:39:51.739824,2024-09-29 02:39:51.751467,0.011643
B&B,59,8,"[0, 3, 7, 5, 1, 4, 2, 6]",560,2024-09-29 02:39:51.751537,2024-09-29 02:39:51.756824,0.005287
GA-P,59,8,"[6, 0, 3, 7, 5, 1, 4, 2]",560,2024-09-29 02:39:51.756964,2024-09-29 02:39:51.778509,0.021545
GA-N,59,8,"[2, 4, 1, 5, 7, 3, 0, 6]",560,2024-09-29 02:39:51.778619,2024-09-29 02:39:51.797005,0.018386
B&B,60,9,"[0, 7, 4, 8, 1, 3, 5, 6, 2]",552,2024-09-29 02:39:51.797086,2024-09-29 02:39:51.820281,0.023195
GA-P,60,9,"[1, 3, 5, 6, 2, 0, 7, 4, 8]",552,2024-09-29 02:39:51.820404,2024-09-29 02:39:51.840036,0.019632
GA-N,60,9,"[4, 8, 1, 3, 5, 6, 2, 0, 7]",552,2024-09-29 02:39:51.840198,2024-09-29 02:39:51.857533,0.017335
B&B,61,9,"[0, 6, 1, 8, 7, 3, 2, 5, 4]",583,2024-09-29 02:39:51.857612,2024-09-29 02:39:51.882107,0.024495
GA-P,61,9,"[8, 1, 6, 0, 4, 5, 2, 3, 7]",583,2024-09-29 02:39:51.882224,2024-09-29 02:39:51.920474,0.03825
GA-N,61,9,"[2, 3, 7, 8, 1, 6, 0, 4, 5]",583,2024-09-29 02:39:51.920594,2024-09-29 02:39:51.948258,0.027664
B&B,62,9,"[0, 2, 8, 1, 5, 7, 6, 4, 3]",456,2024-09-29 02:39:51.948379,2024-09-29 02:39:51.966880,0.018501
GA-P,62,9,"[7, 5, 1, 8, 2, 0, 3, 4, 6]",456,2024-09-29 02:39:51.966994,2024-09-29 02:39:51.983968,0.016974
GA-N,62,9,"[5, 7, 6, 4, 3, 0, 2, 8, 1]",456,2024-09-29 02:39:51.984088,2024-09-29 02:39:52.015031,0.030943
B&B,63,9,"[0, 6, 3, 5, 1, 8, 4, 7, 2]",542,2024-09-29 02:39:52.015112,2024-09-29 02:39:52.061104,0.045992
GA-P,63,9,"[4, 5, 3, 7, 2, 0, 6, 1, 8]",542,2024-09-29 02:39:52.061224,2024-09-29 02:39:52.084457,0.023233
GA-N,63,9,"[1, 5, 3, 6, 0, 2, 7, 4, 8]",542,2024-09-29 02:39:52.084578,2024-09-29 02:39:52.102354,0.017776
B&B,64,9,"[0, 1, 6, 8, 3, 2, 7, 5, 4]",596,2024-09-29 02:39:52.102432,2024-09-29 02:39:52.127069,0.024637
GA-P,64,9,"[1, 0, 4, 5, 7, 2, 3, 8, 6]",596,2024-09-29 02:39:52.127182,2024-09-29 02:39:52.145556,0.018374
GA-N,64,9,"[6, 8, 3, 2, 7, 5, 4, 0, 1]",596,2024-09-29 02:39:52.145729,2024-09-29 02:39:52.161470,0.015741
B&B,65,9,"[0, 5, 3, 2, 4, 6, 1, 8, 7]",805,2024-09-29 02:39:52.161547,2024-09-29 02:39:52.220475,0.058928
GA-P,65,9,"[1, 6, 4, 2, 3, 5, 0, 7, 8]",805,2024-09-29 02:39:52.220600,2024-09-29 02:39:52.243555,0.022955
GA-N,65,9,"[6, 1, 8, 7, 0, 5, 3, 2, 4]",805,2024-09-29 02:39:52.243723,2024-09-29 02:39:52.261399,0.017676
B&B,66,9,"[0, 3, 6, 7, 2, 1, 8, 4, 5]",641,2024-09-29 02:39:52.261476,2024-09-29 02:39:52.303030,0.041554
GA-P,66,9,"[2, 7, 6, 3, 0, 5, 4, 8, 1]",641,2024-09-29 02:39:52.303201,2024-09-29 02:39:52.321944,0.018743
GA-N,66,9,"[4, 5, 0, 3, 6, 7, 2, 1, 8]",641,2024-09-29 02:39:52.322116,2024-09-29 02:39:52.344257,0.022141
B&B,67,9,"[0, 2, 1, 5, 8, 4, 6, 7, 3]",605,2024-09-29 02:39:52.344379,2024-09-29 02:39:52.370344,0.025965
GA-P,67,9,"[6, 4, 8, 5, 1, 2, 0, 3, 7]",605,2024-09-29 02:39:52.370516,2024-09-29 02:39:52.389297,0.018781
GA-N,67,9,"[7, 6, 4, 8, 5, 1, 2, 0, 3]",605,2024-09-29 02:39:52.389417,2024-09-29 02:39:52.406606,0.017189
B&B,68,9,"[0, 2, 7, 4, 3, 6, 8, 1, 5]",935,2024-09-29 02:39:52.406739,2024-09-29 02:39:52.480124,0.073385
GA-P,68,9,"[2, 7, 4, 3, 6, 8, 1, 5, 0]",935,2024-09-29 02:39:52.480256,2024-09-29 02:39:52.513674,0.033418
GA-N,68,9,"[2, 7, 4, 3, 6, 8, 1, 5, 0]",935,2024-09-29 02:39:52.513797,2024-09-29 02:39:52.531349,0.017552
B&B,69,9,"[0, 8, 2, 1, 7, 6, 4, 5, 3]",500,2024-09-29 02:39:52.531476,2024-09-29 02:39:52.558747,0.027271
GA-P,69,9,"[5, 4, 6, 7, 1, 2, 8, 0, 3]",500,2024-09-29 02:39:52.558923,2024-09-29 02:39:52.578052,0.019129
GA-N,69,9,"[7, 6, 4, 5, 3, 0, 8, 2, 1]",500,2024-09-29 02:39:52.578169,2024-09-29 02:39:52.595717,0.017548
B&B,70,10,"[0, 4, 1, 8, 3, 2, 9, 6, 5, 7]",437,2024-09-29 02:39:52.595892,2024-09-29 02:39:52.641714,0.045822
GA-P,70,10,"[8, 3, 2, 9, 6, 5, 7, 0, 4, 1]",437,2024-09-29 02:39:52.641879,2024-09-29 02:39:52.686093,0.044214
GA-N,70,10,"[9, 6, 8, 1, 5, 7, 0, 4, 3, 2]",468,2024-09-29 02:39:52.686244,2024-09-29 02:39:52.713472,0.027228
B&B,71,10,"[0, 3, 9, 5, 7, 1, 4, 8, 6, 2]",432,2024-09-29 02:39:52.713618,2024-09-29 02:39:52.802056,0.088438
GA-P,71,10,"[9, 3, 0, 2, 6, 8, 4, 1, 7, 5]",432,2024-09-29 02:39:52.802236,2024-09-29 02:39:52.838311,0.036075
GA-N,71,10,"[2, 0, 3, 9, 5, 7, 1, 4, 8, 6]",432,2024-09-29 02:39:52.838464,2024-09-29 02:39:52.867932,0.029468
B&B,72,10,"[0, 1, 9, 4, 7, 8, 5, 6, 2, 3]",379,2024-09-29 02:39:52.868075,2024-09-29 02:39:52.934305,0.06623
GA-P,72,10,"[6, 5, 8, 7, 4, 9, 1, 0, 3, 2]",379,2024-09-29 02:39:52.934453,2024-09-29 02:39:52.961668,0.027215
GA-N,72,10,"[0, 1, 9, 4, 7, 8, 5, 6, 2, 3]",379,2024-09-29 02:39:52.961823,2024-09-29 02:39:52.998478,0.036655
B&B,73,10,"[0, 6, 4, 1, 5, 2, 3, 8, 9, 7]",495,2024-09-29 02:39:52.998569,2024-09-29 02:39:53.070997,0.072428
GA-P,73,10,"[2, 5, 1, 4, 6, 0, 7, 9, 8, 3]",495,2024-09-29 02:39:53.071155,2024-09-29 02:39:53.099022,0.027867
GA-N,73,10,"[5, 2, 3, 8, 9, 7, 0, 6, 4, 1]",495,2024-09-29 02:39:53.099173,2024-09-29 02:39:53.132502,0.033329
B&B,74,10,"[0, 8, 4, 6, 3, 7, 2, 9, 1, 5]",662,2024-09-29 02:39:53.132652,2024-09-29 02:39:53.228162,0.09551
GA-P,74,10,"[2, 7, 3, 6, 4, 8, 0, 5, 1, 9]",662,2024-09-29 02:39:53.228319,2024-09-29 02:39:53.261096,0.032777
GA-N,74,10,"[8, 4, 6, 3, 7, 2, 9, 1, 5, 0]",662,2024-09-29 02:39:53.261255,2024-09-29 02:39:53.285838,0.024583
B&B,75,10,"[0, 9, 8, 7, 5, 1, 4, 6, 3, 2]",521,2024-09-29 02:39:53.285975,2024-09-29 02:39:53.321764,0.035789
GA-P,75,10,"[8, 7, 5, 1, 4, 6, 3, 2, 0, 9]",521,2024-09-29 02:39:53.321915,2024-09-29 02:39:53.363784,0.041869
GA-N,75,10,"[4, 6, 3, 2, 1, 5, 7, 0, 9, 8]",570,2024-09-29 02:39:53.363940,2024-09-29 02:39:53.390013,0.026073
B&B,76,10,"[0, 1, 8, 2, 6, 7, 5, 4, 9, 3]",633,2024-09-29 02:39:53.390146,2024-09-29 02:39:53.499272,0.109126
GA-P,76,10,"[8, 1, 0, 3, 9, 4, 5, 7, 6, 2]",633,2024-09-29 02:39:53.499437,2024-09-29 02:39:53.525622,0.026185
GA-N,76,10,"[2, 3, 0, 1, 8, 9, 4, 5, 7, 6]",644,2024-09-29 02:39:53.525778,2024-09-29 02:39:53.547452,0.021674
B&B,77,10,"[0, 4, 6, 1, 7, 9, 3, 5, 2, 8]",984,2024-09-29 02:39:53.547543,2024-09-29 02:39:53.950571,0.403028
GA-P,77,10,"[0, 4, 6, 1, 7, 9, 3, 5, 2, 8]",984,2024-09-29 02:39:53.950757,2024-09-29 02:39:53.978639,0.027882
GA-N,77,10,"[4, 0, 8, 2, 5, 3, 9, 7, 1, 6]",984,2024-09-29 02:39:53.978792,2024-09-29 02:39:54.002108,0.023316
B&B,78,10,"[0, 5, 6, 7, 4, 9, 2, 8, 3, 1]",479,2024-09-29 02:39:54.002199,2024-09-29 02:39:54.114650,0.112451
GA-P,78,10,"[7, 4, 9, 2, 8, 3, 1, 0, 5, 6]",479,2024-09-29 02:39:54.114835,2024-09-29 02:39:54.148785,0.03395
GA-N,78,10,"[4, 9, 2, 8, 3, 1, 0, 5, 6, 7]",479,2024-09-29 02:39:54.149009,2024-09-29 02:39:54.204456,0.055447
B&B,79,10,"[0, 2, 4, 1, 7, 3, 8, 9, 6, 5]",798,2024-09-29 02:39:54.204618,2024-09-29 02:39:54.502353,0.297735
GA-P,79,10,"[0, 2, 4, 1, 7, 3, 8, 9, 6, 5]",798,2024-09-29 02:39:54.502527,2024-09-29 02:39:54.538781,0.036254
GA-N,79,10,"[4, 0, 2, 6, 5, 8, 9, 3, 7, 1]",810,2024-09-29 02:39:54.538947,2024-09-29 02:39:54.565076,0.026129
B&B,80,11,"[0, 4, 9, 7, 10, 8, 3, 1, 6, 5, 2]",687,2024-09-29 02:39:54.565179,2024-09-29 02:39:54.969996,0.404817
GA-P,80,11,"[4, 10, 7, 9, 0, 2, 5, 6, 8, 3, 1]",695,2024-09-29 02:39:54.970197,2024-09-29 02:39:55.010725,0.040528
GA-N,80,11,"[8, 10, 7, 9, 4, 0, 2, 5, 6, 1, 3]",687,2024-09-29 02:39:55.010906,2024-09-29 02:39:55.071513,0.060607
B&B,81,11,"[0, 7, 1, 3, 9, 10, 2, 6, 8, 4, 5]",540,2024-09-29 02:39:55.071622,2024-09-29 02:39:55.223956,0.152334
GA-P,81,11,"[6, 8, 4, 5, 0, 7, 1, 3, 9, 10, 2]",540,2024-09-29 02:39:55.224149,2024-09-29 02:39:55.269147,0.044998
GA-N,81,11,"[9, 5, 4, 8, 6, 3, 1, 0, 7, 2, 10]",622,2024-09-29 02:39:55.269324,2024-09-29 02:39:55.295836,0.026512
B&B,82,11,"[0, 3, 2, 8, 9, 1, 4, 10, 6, 7, 5]",750,2024-09-29 02:39:55.295943,2024-09-29 02:39:56.086254,0.790311
GA-P,82,11,"[9, 8, 2, 3, 0, 5, 7, 6, 10, 4, 1]",750,2024-09-29 02:39:56.086486,2024-09-29 02:39:56.140959,0.054473
GA-N,82,11,"[5, 7, 6, 10, 4, 1, 9, 8, 2, 3, 0]",750,2024-09-29 02:39:56.141147,2024-09-29 02:39:56.183629,0.042482
B&B,83,11,"[0, 2, 3, 1, 8, 4, 9, 6, 5, 10, 7]",593,2024-09-29 02:39:56.183735,2024-09-29 02:39:56.315902,0.132167
GA-P,83,11,"[0, 2, 3, 1, 8, 4, 9, 6, 5, 10, 7]",593,2024-09-29 02:39:56.316241,2024-09-29 02:39:56.350013,0.033772
GA-N,83,11,"[1, 8, 10, 7, 5, 6, 9, 4, 2, 0, 3]",673,2024-09-29 02:39:56.350193,2024-09-29 02:39:56.389346,0.039153
B&B,84,11,"[0, 7, 9, 2, 6, 10, 8, 3, 1, 4, 5]",444,2024-09-29 02:39:56.389449,2024-09-29 02:39:56.489118,0.099669
GA-P,84,11,"[8, 10, 6, 1, 4, 5, 9, 2, 7, 0, 3]",526,2024-09-29 02:39:56.489306,2024-09-29 02:39:56.521578,0.032272
GA-N,84,11,"[2, 7, 0, 3, 1, 6, 10, 8, 4, 5, 9]",477,2024-09-29 02:39:56.521957,2024-09-29 02:39:56.551393,0.029436
B&B,85,11,"[0, 7, 3, 4, 2, 1, 9, 8, 6, 10, 5]",379,2024-09-29 02:39:56.551495,2024-09-29 02:39:56.642353,0.090858
GA-P,85,11,"[6, 7, 0, 4, 2, 3, 10, 5, 1, 9, 8]",483,2024-09-29 02:39:56.642610,2024-09-29 02:39:56.691170,0.04856
GA-N,85,11,"[8, 9, 1, 0, 7, 5, 10, 3, 2, 4, 6]",488,2024-09-29 02:39:56.691352,2024-09-29 02:39:56.720898,0.029546
B&B,86,11,"[0, 3, 2, 8, 7, 9, 5, 10, 1, 6, 4]",518,2024-09-29 02:39:56.721000,2024-09-29 02:39:57.124430,0.40343
GA-P,86,11,"[4, 6, 2, 8, 7, 9, 10, 1, 5, 0, 3]",521,2024-09-29 02:39:57.124644,2024-09-29 02:39:57.166762,0.042118
GA-N,86,11,"[10, 1, 6, 4, 0, 3, 2, 8, 7, 9, 5]",518,2024-09-29 02:39:57.166950,2024-09-29 02:39:57.202155,0.035205
B&B,87,11,"[0, 7, 6, 2, 4, 9, 1, 8, 10, 3, 5]",749,2024-09-29 02:39:57.202263,2024-09-29 02:39:58.017485,0.815222
GA-P,87,11,"[7, 0, 8, 1, 9, 5, 3, 10, 4, 2, 6]",757,2024-09-29 02:39:58.017702,2024-09-29 02:39:58.061274,0.043572
GA-N,87,11,"[5, 9, 1, 2, 6, 8, 0, 7, 4, 10, 3]",779,2024-09-29 02:39:58.061471,2024-09-29 02:39:58.094946,0.033475
B&B,88,11,"[0, 8, 10, 1, 9, 4, 5, 3, 7, 2, 6]",687,2024-09-29 02:39:58.095060,2024-09-29 02:39:58.662870,0.56781
GA-P,88,11,"[5, 3, 7, 2, 10, 1, 9, 6, 0, 8, 4]",702,2024-09-29 02:39:58.663215,2024-09-29 02:39:58.699213,0.035998
GA-N,88,11,"[3, 1, 9, 4, 5, 6, 0, 8, 10, 2, 7]",766,2024-09-29 02:39:58.699398,2024-09-29 02:39:58.731579,0.032181
B&B,89,11,"[0, 3, 9, 8, 4, 10, 7, 1, 2, 5, 6]",622,2024-09-29 02:39:58.731685,2024-09-29 02:39:59.236849,0.505164
GA-P,89,11,"[9, 7, 1, 2, 5, 6, 0, 10, 4, 8, 3]",633,2024-09-29 02:39:59.237081,2024-09-29 02:39:59.273598,0.036517
GA-N,89,11,"[10, 0, 3, 9, 7, 1, 2, 5, 6, 8, 4]",655,2024-09-29 02:39:59.273855,2024-09-29 02:39:59.302738,0.028883
B&B,90,12,"[0, 6, 8, 1, 7, 10, 2, 4, 3, 5, 11, 9]",659,2024-09-29 02:39:59.302861,2024-09-29 02:40:01.040852,1.737991
GA-P,90,12,"[5, 7, 1, 8, 6, 0, 11, 9, 4, 2, 10, 3]",745,2024-09-29 02:40:01.041110,2024-09-29 02:40:01.086112,0.045002
GA-N,90,12,"[2, 10, 7, 1, 8, 6, 0, 3, 5, 11, 9, 4]",721,2024-09-29 02:40:01.086336,2024-09-29 02:40:01.143459,0.057123
B&B,91,12,"[0, 5, 8, 11, 4, 3, 1, 7, 6, 9, 2, 10]",486,2024-09-29 02:40:01.143578,2024-09-29 02:40:01.864819,0.721241
GA-P,91,12,"[7, 6, 9, 5, 0, 10, 2, 11, 8, 4, 3, 1]",487,2024-09-29 02:40:01.865077,2024-09-29 02:40:01.935694,0.070617
GA-N,91,12,"[8, 5, 10, 2, 9, 6, 7, 1, 0, 3, 4, 11]",488,2024-09-29 02:40:01.935915,2024-09-29 02:40:02.002889,0.066974
B&B,92,12,"[0, 4, 11, 2, 10, 3, 1, 5, 9, 6, 7, 8]",433,2024-09-29 02:40:02.003076,2024-09-29 02:40:02.204715,0.201639
GA-P,92,12,"[7, 6, 2, 9, 5, 1, 3, 10, 11, 4, 0, 8]",531,2024-09-29 02:40:02.204981,2024-09-29 02:40:02.246767,0.041786
GA-N,92,12,"[8, 7, 6, 2, 11, 4, 0, 10, 3, 1, 5, 9]",499,2024-09-29 02:40:02.246991,2024-09-29 02:40:02.310001,0.06301
B&B,93,12,"[0, 4, 9, 3, 1, 5, 8, 7, 6, 2, 10, 11]",656,2024-09-29 02:40:02.310185,2024-09-29 02:40:03.242308,0.932123
GA-P,93,12,"[3, 1, 5, 8, 7, 6, 2, 10, 11, 0, 4, 9]",656,2024-09-29 02:40:03.242570,2024-09-29 02:40:03.290535,0.047965
GA-N,93,12,"[5, 8, 7, 6, 2, 10, 11, 0, 4, 9, 3, 1]",656,2024-09-29 02:40:03.290756,2024-09-29 02:40:03.353086,0.06233
B&B,94,12,"[0, 1, 5, 7, 10, 9, 3, 6, 4, 8, 2, 11]",656,2024-09-29 02:40:03.353210,2024-09-29 02:40:04.718740,1.36553
GA-P,94,12,"[5, 1, 0, 11, 2, 9, 10, 7, 8, 4, 3, 6]",685,2024-09-29 02:40:04.719003,2024-09-29 02:40:04.762195,0.043192
GA-N,94,12,"[5, 0, 1, 2, 11, 7, 8, 4, 10, 9, 3, 6]",766,2024-09-29 02:40:04.762472,2024-09-29 02:40:04.842976,0.080504
B&B,95,12,"[0, 7, 6, 5, 3, 1, 11, 10, 4, 9, 2, 8]",543,2024-09-29 02:40:04.843157,2024-09-29 02:40:05.461138,0.617981
GA-P,95,12,"[0, 9, 4, 10, 5, 3, 1, 11, 8, 2, 6, 7]",608,2024-09-29 02:40:05.461398,2024-09-29 02:40:05.507171,0.045773
GA-N,95,12,"[11, 1, 3, 5, 6, 7, 0, 8, 2, 9, 4, 10]",543,2024-09-29 02:40:05.507451,2024-09-29 02:40:05.552865,0.045414
B&B,96,12,"[0, 6, 11, 9, 2, 5, 4, 1, 10, 8, 3, 7]",610,2024-09-29 02:40:05.552984,2024-09-29 02:40:06.823911,1.270927
GA-P,96,12,"[10, 8, 3, 7, 0, 6, 1, 4, 11, 9, 2, 5]",618,2024-09-29 02:40:06.824163,2024-09-29 02:40:06.878632,0.054469
GA-N,96,12,"[9, 11, 4, 1, 10, 6, 0, 7, 3, 8, 5, 2]",615,2024-09-29 02:40:06.878857,2024-09-29 02:40:06.916816,0.037959
B&B,97,12,"[0, 1, 11, 6, 3, 8, 9, 5, 7, 2, 4, 10]",648,2024-09-29 02:40:06.916940,2024-09-29 02:40:08.144779,1.227839
GA-P,97,12,"[9, 8, 3, 6, 11, 1, 0, 10, 4, 2, 7, 5]",648,2024-09-29 02:40:08.145050,2024-09-29 02:40:08.193364,0.048314
GA-N,97,12,"[8, 9, 5, 3, 6, 11, 1, 7, 2, 4, 0, 10]",681,2024-09-29 02:40:08.193583,2024-09-29 02:40:08.242493,0.04891
B&B,98,12,"[0, 5, 4, 8, 7, 10, 2, 9, 1, 6, 11, 3]",822,2024-09-29 02:40:08.242609,2024-09-29 02:40:12.491118,4.248509
GA-P,98,12,"[2, 10, 7, 8, 4, 5, 0, 3, 11, 6, 1, 9]",822,2024-09-29 02:40:12.491382,2024-09-29 02:40:12.540352,0.04897
GA-N,98,12,"[5, 0, 3, 11, 6, 1, 9, 2, 10, 7, 8, 4]",822,2024-09-29 02:40:12.540566,2024-09-29 02:40:12.652611,0.112045
B&B,99,12,"[0, 6, 2, 1, 5, 10, 3, 9, 7, 4, 8, 11]",673,2024-09-29 02:40:12.652802,2024-09-29 02:40:14.752756,2.099954
GA-P,99,12,"[5, 1, 2, 6, 0, 11, 8, 4, 7, 9, 3, 10]",673,2024-09-29 02:40:14.753016,2024-09-29 02:40:14.882490,0.129474
GA-N,99,12,"[9, 3, 10, 5, 1, 2, 6, 0, 11, 8, 4, 7]",673,2024-09-29 02:40:14.882707,2024-09-29 02:40:14.945909,0.063202
B&B,100,13,"[0, 9, 3, 11, 10, 1, 8, 7, 2, 6, 12, 4, 5]",736,2024-09-29 02:40:14.946039,2024-09-29 02:40:28.467697,13.521658
GA-P,100,13,"[8, 1, 10, 11, 3, 9, 0, 5, 4, 12, 6, 2, 7]",736,2024-09-29 02:40:28.468001,2024-09-29 02:40:28.609990,0.141989
GA-N,100,13,"[7, 12, 6, 0, 9, 3, 2, 4, 11, 10, 1, 5, 8]",818,2024-09-29 02:40:28.610231,2024-09-29 02:40:28.672946,0.062715
B&B,101,13,"[0, 5, 3, 11, 12, 8, 1, 7, 4, 10, 9, 6, 2]",670,2024-09-29 02:40:28.673260,2024-09-29 02:40:33.393404,4.720144
GA-P,101,13,"[9, 6, 2, 0, 12, 5, 3, 11, 8, 1, 7, 4, 10]",755,2024-09-29 02:40:33.393706,2024-09-29 02:40:33.459319,0.065613
GA-N,101,13,"[7, 1, 8, 12, 5, 0, 2, 6, 9, 10, 4, 3, 11]",686,2024-09-29 02:40:33.459612,2024-09-29 02:40:33.526230,0.066618
B&B,102,13,"[0, 11, 1, 12, 3, 2, 8, 9, 6, 10, 4, 7, 5]",741,2024-09-29 02:40:33.526359,2024-09-29 02:40:37.863295,4.336936
GA-P,102,13,"[7, 10, 6, 3, 12, 9, 8, 2, 5, 0, 1, 11, 4]",851,2024-09-29 02:40:37.863727,2024-09-29 02:40:37.916998,0.053271
GA-N,102,13,"[2, 1, 11, 4, 10, 7, 8, 9, 6, 12, 3, 0, 5]",769,2024-09-29 02:40:37.917280,2024-09-29 02:40:37.980387,0.063107
B&B,103,13,"[0, 11, 8, 10, 9, 2, 6, 3, 4, 7, 12, 1, 5]",378,2024-09-29 02:40:37.980530,2024-09-29 02:40:38.736650,0.75612
GA-P,103,13,"[5, 2, 9, 10, 8, 11, 7, 12, 1, 3, 6, 4, 0]",457,2024-09-29 02:40:38.736955,2024-09-29 02:40:38.796719,0.059764
GA-N,103,13,"[1, 12, 7, 2, 9, 10, 8, 11, 6, 3, 4, 0, 5]",456,2024-09-29 02:40:38.796972,2024-09-29 02:40:38.892692,0.09572
B&B,104,13,"[0, 5, 2, 8, 3, 7, 12, 4, 1, 6, 9, 11, 10]",703,2024-09-29 02:40:38.892823,2024-09-29 02:40:45.199357,6.306534
GA-P,104,13,"[11, 10, 0, 5, 2, 4, 12, 7, 3, 8, 1, 6, 9]",714,2024-09-29 02:40:45.199659,2024-09-29 02:40:45.334741,0.135082
GA-N,104,13,"[9, 3, 7, 5, 2, 8, 11, 10, 0, 4, 12, 1, 6]",807,2024-09-29 02:40:45.335069,2024-09-29 02:40:45.383218,0.048149
B&B,105,13,"[0, 5, 10, 4, 11, 8, 1, 9, 7, 3, 12, 6, 2]",558,2024-09-29 02:40:45.383356,2024-09-29 02:40:46.990985,1.607629
GA-P,105,13,"[12, 3, 8, 11, 6, 2, 0, 1, 9, 7, 5, 4, 10]",762,2024-09-29 02:40:46.991284,2024-09-29 02:40:47.046273,0.054989
GA-N,105,13,"[9, 7, 3, 12, 6, 2, 0, 5, 10, 4, 11, 8, 1]",558,2024-09-29 02:40:47.046510,2024-09-29 02:40:47.238077,0.191567
B&B,106,13,"[0, 2, 7, 5, 6, 12, 10, 3, 9, 8, 1, 11, 4]",594,2024-09-29 02:40:47.238495,2024-09-29 02:40:50.383500,3.145005
GA-P,106,13,"[12, 6, 11, 1, 8, 2, 7, 5, 4, 0, 9, 3, 10]",633,2024-09-29 02:40:50.383799,2024-09-29 02:40:50.491980,0.108181
GA-N,106,13,"[8, 0, 4, 12, 6, 5, 7, 2, 3, 10, 9, 11, 1]",686,2024-09-29 02:40:50.492234,2024-09-29 02:40:50.543693,0.051459
B&B,107,13,"[0, 1, 9, 10, 11, 2, 7, 4, 8, 5, 6, 12, 3]",584,2024-09-29 02:40:50.543891,2024-09-29 02:40:53.136056,2.592165
GA-P,107,13,"[12, 3, 0, 1, 9, 10, 11, 6, 5, 8, 4, 7, 2]",656,2024-09-29 02:40:53.136349,2024-09-29 02:40:53.192864,0.056515
GA-N,107,13,"[3, 12, 6, 5, 8, 1, 4, 7, 2, 11, 10, 9, 0]",631,2024-09-29 02:40:53.193122,2024-09-29 02:40:53.240870,0.047748
B&B,108,13,"[0, 5, 8, 12, 7, 3, 10, 6, 11, 2, 9, 1, 4]",693,2024-09-29 02:40:53.241000,2024-09-29 02:40:57.208935,3.967935
GA-P,108,13,"[12, 7, 3, 10, 8, 5, 0, 6, 11, 2, 9, 1, 4]",739,2024-09-29 02:40:57.209420,2024-09-29 02:40:57.259897,0.050477
GA-N,108,13,"[1, 9, 2, 11, 6, 10, 8, 5, 0, 4, 12, 3, 7]",718,2024-09-29 02:40:57.260149,2024-09-29 02:40:57.344434,0.084285
B&B,109,13,"[0, 3, 10, 1, 4, 12, 5, 7, 6, 11, 9, 2, 8]",529,2024-09-29 02:40:57.344569,2024-09-29 02:40:59.122036,1.777467
GA-P,109,13,"[7, 4, 12, 11, 6, 0, 9, 2, 8, 1, 10, 3, 5]",540,2024-09-29 02:40:59.122319,2024-09-29 02:40:59.178218,0.055899
GA-N,109,13,"[10, 3, 11, 6, 7, 5, 12, 4, 2, 9, 0, 8, 1]",597,2024-09-29 02:40:59.178469,2024-09-29 02:40:59.246347,0.067878
B&B,110,14,"[0, 7, 8, 11, 12, 9, 6, 3, 1, 4, 13, 10, 2, 5]",750,2024-09-29 02:40:59.246561,2024-09-29 02:42:01.041671,61.79511
GA-P,110,14,"[12, 3, 1, 11, 8, 4, 13, 10, 9, 6, 5, 2, 0, 7]",844,2024-09-29 02:42:01.042022,2024-09-29 02:42:01.179987,0.137965
GA-N,110,14,"[11, 1, 3, 6, 9, 10, 13, 4, 12, 7, 2, 5, 0, 8]",770,2024-09-29 02:42:01.180354,2024-09-29 02:42:01.267898,0.087544
B&B,111,14,"[0, 10, 13, 12, 5, 4, 6, 9, 11, 2, 3, 7, 8, 1]",501,2024-09-29 02:42:01.268245,2024-09-29 02:42:05.508683,4.240438
GA-P,111,14,"[13, 10, 0, 1, 8, 7, 3, 2, 11, 9, 6, 4, 5, 12]",501,2024-09-29 02:42:05.509029,2024-09-29 02:42:05.565419,0.05639
GA-N,111,14,"[8, 1, 0, 10, 9, 2, 3, 11, 13, 12, 6, 4, 5, 7]",538,2024-09-29 02:42:05.565695,2024-09-29 02:42:05.651658,0.085963
B&B,112,14,"[0, 5, 10, 12, 9, 4, 3, 7, 1, 13, 8, 6, 11, 2]",630,2024-09-29 02:42:05.651874,2024-09-29 02:42:14.583891,8.932017
GA-P,112,14,"[9, 4, 3, 7, 1, 13, 8, 6, 11, 2, 0, 5, 10, 12]",630,2024-09-29 02:42:14.584234,2024-09-29 02:42:14.668407,0.084173
GA-N,112,14,"[12, 10, 5, 0, 11, 6, 8, 13, 1, 9, 4, 7, 3, 2]",702,2024-09-29 02:42:14.668722,2024-09-29 02:42:14.732709,0.063987
B&B,113,14,"[0, 3, 11, 5, 9, 8, 4, 2, 6, 7, 12, 10, 13, 1]",767,2024-09-29 02:42:14.732859,2024-09-29 02:43:03.264170,48.531311
GA-P,113,14,"[6, 2, 4, 8, 9, 5, 11, 3, 0, 1, 13, 10, 12, 7]",767,2024-09-29 02:43:03.264646,2024-09-29 02:43:03.331955,0.067309
GA-N,113,14,"[6, 7, 12, 0, 3, 11, 5, 10, 13, 1, 9, 8, 4, 2]",866,2024-09-29 02:43:03.332302,2024-09-29 02:43:03.393628,0.061326
B&B,114,14,"[0, 12, 6, 4, 9, 8, 2, 5, 13, 3, 10, 1, 7, 11]",640,2024-09-29 02:43:03.393879,2024-09-29 02:43:22.961490,19.567611
GA-P,114,14,"[13, 3, 10, 1, 4, 6, 12, 0, 11, 7, 8, 9, 2, 5]",654,2024-09-29 02:43:22.961837,2024-09-29 02:43:23.057371,0.095534
GA-N,114,14,"[12, 0, 13, 5, 2, 8, 9, 3, 10, 1, 7, 11, 4, 6]",661,2024-09-29 02:43:23.057654,2024-09-29 02:43:23.138119,0.080465
B&B,115,14,"[0, 13, 6, 8, 12, 7, 2, 11, 10, 4, 3, 5, 9, 1]",671,2024-09-29 02:43:23.138340,2024-09-29 02:43:35.714766,12.576426
GA-P,115,14,"[10, 4, 3, 5, 9, 1, 0, 2, 7, 8, 12, 13, 6, 11]",821,2024-09-29 02:43:35.715144,2024-09-29 02:43:35.808691,0.093547
GA-N,115,14,"[7, 8, 12, 3, 10, 4, 9, 5, 6, 13, 0, 1, 11, 2]",736,2024-09-29 02:43:35.808967,2024-09-29 02:43:35.866168,0.057201
B&B,116,14,"[0, 9, 4, 6, 3, 11, 1, 5, 10, 13, 2, 12, 8, 7]",712,2024-09-29 02:43:35.866310,2024-09-29 02:44:01.547786,25.681476
GA-P,116,14,"[12, 1, 0, 7, 8, 13, 10, 5, 3, 11, 9, 4, 6, 2]",735,2024-09-29 02:44:01.548136,2024-09-29 02:44:01.636285,0.088149
GA-N,116,14,"[7, 0, 11, 9, 4, 6, 3, 5, 1, 12, 2, 13, 10, 8]",730,2024-09-29 02:44:01.636597,2024-09-29 02:44:01.754706,0.118109
B&B,117,14,"[0, 7, 4, 6, 3, 1, 5, 12, 8, 10, 11, 2, 13, 9]",443,2024-09-29 02:44:01.755082,2024-09-29 02:44:04.736607,2.981525
GA-P,117,14,"[10, 11, 2, 5, 1, 3, 6, 4, 7, 0, 13, 9, 12, 8]",462,2024-09-29 02:44:04.736951,2024-09-29 02:44:04.830438,0.093487
GA-N,117,14,"[4, 7, 0, 9, 13, 2, 11, 1, 5, 6, 3, 12, 8, 10]",531,2024-09-29 02:44:04.830724,2024-09-29 02:44:04.918115,0.087391
B&B,118,14,"[0, 7, 1, 8, 11, 9, 2, 4, 13, 10, 5, 12, 3, 6]",660,2024-09-29 02:44:04.918253,2024-09-29 02:44:52.022453,47.1042
GA-P,118,14,"[5, 10, 7, 1, 8, 2, 9, 11, 4, 13, 0, 6, 3, 12]",730,2024-09-29 02:44:52.022804,2024-09-29 02:44:52.110500,0.087696
GA-N,118,14,"[4, 11, 9, 2, 8, 1, 7, 0, 6, 3, 12, 5, 10, 13]",660,2024-09-29 02:44:52.110789,2024-09-29 02:44:52.191636,0.080847
B&B,119,14,"[0, 6, 10, 13, 8, 7, 9, 5, 11, 3, 12, 4, 1, 2]",633,2024-09-29 02:44:52.191776,2024-09-29 02:45:03.308755,11.116979
GA-P,119,14,"[7, 10, 13, 8, 2, 0, 6, 9, 5, 1, 4, 12, 3, 11]",705,2024-09-29 02:45:03.309113,2024-09-29 02:45:03.384668,0.075555
GA-N,119,14,"[0, 2, 13, 8, 7, 10, 11, 3, 12, 4, 1, 5, 9, 6]",710,2024-09-29 02:45:03.385035,2024-09-29 02:45:03.463846,0.078811
B&B,120,15,"[0, 2, 10, 1, 13, 5, 11, 14, 6, 4, 9, 3, 12, 7, 8]",646,2024-09-29 02:45:03.464071,2024-09-29 02:45:20.108485,16.644414
GA-P,120,15,"[10, 2, 0, 8, 7, 12, 3, 9, 4, 6, 14, 11, 5, 13, 1]",646,2024-09-29 02:45:20.108865,2024-09-29 02:45:20.221201,0.112336
GA-N,120,15,"[3, 10, 2, 0, 8, 12, 7, 1, 13, 5, 11, 14, 6, 4, 9]",686,2024-09-29 02:45:20.221584,2024-09-29 02:45:20.340819,0.119235
B&B,121,15,"[0, 10, 5, 14, 13, 11, 3, 1, 6, 4, 8, 7, 12, 9, 2]",798,2024-09-29 02:45:20.341152,2024-09-29 02:47:43.018021,142.676869
GA-P,121,15,"[13, 11, 3, 1, 6, 4, 10, 0, 2, 8, 7, 12, 9, 14, 5]",836,2024-09-29 02:47:43.018465,2024-09-29 02:47:43.098826,0.080361
GA-N,121,15,"[5, 14, 13, 11, 3, 1, 6, 4, 8, 7, 12, 9, 2, 0, 10]",798,2024-09-29 02:47:43.099227,2024-09-29 02:47:43.182200,0.082973
B&B,122,15,"[0, 8, 12, 7, 9, 4, 3, 2, 14, 11, 6, 1, 10, 5, 13]",525,2024-09-29 02:47:43.182455,2024-09-29 02:48:00.208326,17.025871
GA-P,122,15,"[5, 10, 1, 6, 2, 13, 0, 8, 12, 4, 3, 14, 11, 9, 7]",571,2024-09-29 02:48:00.208744,2024-09-29 02:48:00.287860,0.079116
GA-N,122,15,"[6, 11, 14, 2, 13, 5, 7, 9, 3, 4, 12, 0, 8, 10, 1]",591,2024-09-29 02:48:00.288205,2024-09-29 02:48:00.389267,0.101062
B&B,123,15,"[0, 7, 4, 14, 5, 6, 3, 11, 8, 10, 9, 12, 13, 1, 2]",330,2024-09-29 02:48:00.389492,2024-09-29 02:48:03.487596,3.098104
GA-P,123,15,"[0, 7, 4, 14, 6, 5, 9, 12, 13, 1, 10, 8, 3, 11, 2]",395,2024-09-29 02:48:03.487972,2024-09-29 02:48:03.563009,0.075037
GA-N,123,15,"[9, 10, 14, 5, 6, 3, 11, 8, 1, 2, 0, 7, 4, 13, 12]",435,2024-09-29 02:48:03.563328,2024-09-29 02:48:03.764680,0.201352
B&B,124,15,"[0, 4, 2, 8, 10, 1, 9, 13, 11, 3, 12, 7, 14, 5, 6]",661,2024-09-29 02:48:03.765007,2024-09-29 02:48:53.891500,50.126493
GA-P,124,15,"[9, 13, 1, 14, 5, 6, 0, 4, 2, 10, 8, 11, 3, 12, 7]",724,2024-09-29 02:48:53.891889,2024-09-29 02:48:53.969798,0.077909
GA-N,124,15,"[4, 0, 6, 5, 3, 12, 7, 14, 1, 9, 13, 11, 8, 10, 2]",761,2024-09-29 02:48:53.970186,2024-09-29 02:48:54.049839,0.079653
B&B,125,15,"[0, 14, 7, 5, 3, 2, 6, 11, 13, 12, 8, 1, 10, 9, 4]",447,2024-09-29 02:48:54.050000,2024-09-29 02:49:12.497072,18.447072
GA-P,125,15,"[13, 11, 6, 5, 3, 2, 10, 1, 0, 4, 9, 7, 14, 8, 12]",493,2024-09-29 02:49:12.497585,2024-09-29 02:49:12.586141,0.088556
GA-N,125,15,"[6, 5, 3, 2, 1, 8, 14, 7, 0, 11, 13, 12, 10, 9, 4]",547,2024-09-29 02:49:12.586523,2024-09-29 02:49:12.675788,0.089265
B&B,126,15,"[0, 10, 3, 1, 9, 14, 4, 5, 13, 11, 8, 12, 7, 6, 2]",641,2024-09-29 02:49:12.676010,2024-09-29 02:49:35.267117,22.591107
GA-P,126,15,"[12, 13, 5, 4, 7, 8, 11, 1, 3, 10, 0, 6, 2, 9, 14]",821,2024-09-29 02:49:35.267624,2024-09-29 02:49:35.377818,0.110194
GA-N,126,15,"[2, 0, 10, 3, 1, 9, 14, 12, 13, 5, 4, 11, 8, 7, 6]",679,2024-09-29 02:49:35.378175,2024-09-29 02:49:35.462420,0.084245
B&B,127,15,"[0, 4, 7, 10, 2, 1, 13, 3, 6, 8, 12, 11, 9, 14, 5]",891,2024-09-29 02:49:35.462635,2024-09-29 02:51:34.113709,118.651074
GA-P,127,15,"[4, 7, 10, 2, 1, 13, 3, 6, 8, 12, 11, 9, 14, 5, 0]",891,2024-09-29 02:51:34.114148,2024-09-29 02:51:34.297872,0.183724
GA-N,127,15,"[7, 10, 5, 0, 12, 8, 6, 3, 13, 9, 11, 1, 2, 14, 4]",1037,2024-09-29 02:51:34.298231,2024-09-29 02:51:34.399013,0.100782
B&B,128,15,"[0, 4, 7, 11, 5, 13, 3, 10, 8, 6, 1, 12, 14, 9, 2]",498,2024-09-29 02:51:34.399171,2024-09-29 02:52:35.029170,60.629999
GA-P,128,15,"[6, 1, 12, 14, 0, 4, 10, 9, 2, 7, 11, 5, 13, 3, 8]",504,2024-09-29 02:52:35.029739,2024-09-29 02:52:35.153655,0.123916
GA-N,128,15,"[0, 14, 9, 2, 13, 5, 11, 7, 3, 10, 8, 6, 1, 12, 4]",523,2024-09-29 02:52:35.154024,2024-09-29 02:52:35.333592,0.179568
B&B,129,15,"[0, 10, 4, 3, 14, 13, 8, 2, 12, 7, 5, 11, 1, 6, 9]",362,2024-09-29 02:52:35.334003,2024-09-29 02:52:38.517469,3.183466
GA-P,129,15,"[6, 9, 0, 10, 4, 3, 14, 13, 8, 2, 12, 7, 5, 11, 1]",362,2024-09-29 02:52:38.517825,2024-09-29 02:52:38.623890,0.106065
GA-N,129,15,"[14, 1, 6, 11, 5, 7, 12, 8, 2, 3, 4, 10, 0, 9, 13]",452,2024-09-29 02:52:38.624216,2024-09-29 02:52:38.746710,0.122494
B&B,130,16,"[0, 3, 14, 10, 4, 6, 1, 8, 2, 9, 12, 11, 5, 13, 7, 15]",605,2024-09-29 02:52:38.747202,2024-09-29 02:53:40.460313,61.713111
GA-P,130,16,"[3, 0, 15, 7, 12, 11, 5, 13, 8, 2, 9, 1, 6, 4, 10, 14]",635,2024-09-29 02:53:40.460748,2024-09-29 02:53:40.576353,0.115605
GA-N,130,16,"[15, 14, 10, 8, 2, 0, 3, 4, 6, 1, 9, 12, 11, 5, 13, 7]",748,2024-09-29 02:53:40.576782,2024-09-29 02:53:40.701870,0.125088
B&B,131,16,"[0, 5, 14, 10, 15, 7, 9, 12, 13, 1, 4, 2, 3, 11, 6, 8]",337,2024-09-29 02:53:40.702211,2024-09-29 02:53:54.036597,13.334386
GA-P,131,16,"[10, 14, 5, 0, 8, 6, 13, 12, 9, 7, 15, 11, 3, 2, 4, 1]",342,2024-09-29 02:53:54.037043,2024-09-29 02:53:54.126337,0.089294
GA-N,131,16,"[13, 1, 4, 10, 14, 5, 0, 8, 6, 11, 3, 2, 7, 15, 9, 12]",376,2024-09-29 02:53:54.126784,2024-09-29 02:53:54.363233,0.236449
B&B,132,16,"[0, 1, 12, 2, 13, 11, 5, 14, 6, 8, 15, 3, 7, 9, 10, 4]",511,2024-09-29 02:53:54.363738,2024-09-29 02:55:43.171107,108.807369
GA-P,132,16,"[8, 6, 14, 5, 10, 9, 4, 7, 3, 15, 11, 13, 12, 1, 0, 2]",565,2024-09-29 02:55:43.171569,2024-09-29 02:55:43.267186,0.095617
GA-N,132,16,"[1, 12, 14, 6, 8, 15, 3, 7, 0, 2, 13, 11, 5, 10, 9, 4]",556,2024-09-29 02:55:43.267581,2024-09-29 02:55:43.466540,0.198959
B&B,133,16,"[0, 6, 4, 14, 5, 1, 13, 10, 2, 9, 8, 15, 11, 7, 3, 12]",675,2024-09-29 02:55:43.466902,2024-09-29 02:57:43.020550,119.553648
GA-P,133,16,"[10, 8, 2, 9, 12, 3, 7, 11, 15, 6, 4, 14, 5, 1, 13, 0]",736,2024-09-29 02:57:43.020985,2024-09-29 02:57:43.251003,0.230018
GA-N,133,16,"[5, 9, 2, 10, 8, 15, 11, 7, 3, 12, 0, 6, 4, 14, 13, 1]",686,2024-09-29 02:57:43.251640,2024-09-29 02:57:43.423108,0.171468
B&B,134,16,"[0, 3, 4, 8, 7, 6, 14, 13, 10, 12, 1, 11, 5, 15, 2, 9]",829,2024-09-29 02:57:43.423281,2024-09-29 03:14:31.411576,1007.988295
GA-P,134,16,"[8, 7, 6, 9, 0, 3, 12, 10, 13, 14, 2, 1, 15, 5, 11, 4]",936,2024-09-29 03:14:31.412009,2024-09-29 03:14:31.492433,0.080424
GA-N,134,16,"[9, 2, 14, 13, 10, 12, 3, 4, 11, 1, 8, 7, 5, 15, 0, 6]",977,2024-09-29 03:14:31.492823,2024-09-29 03:14:31.573876,0.081053
B&B,135,16,"[0, 8, 11, 5, 14, 6, 3, 7, 9, 10, 13, 12, 4, 2, 1, 15]",561,2024-09-29 03:14:31.574052,2024-09-29 03:16:19.854449,108.280397
GA-P,135,16,"[12, 5, 14, 15, 10, 9, 7, 3, 6, 13, 0, 8, 11, 1, 2, 4]",716,2024-09-29 03:16:19.854886,2024-09-29 03:16:19.966291,0.111405
GA-N,135,16,"[6, 14, 5, 11, 8, 0, 15, 1, 2, 4, 12, 13, 10, 9, 7, 3]",561,2024-09-29 03:16:19.966657,2024-09-29 03:16:20.122299,0.155642
B&B,136,16,"[0, 9, 7, 15, 4, 10, 13, 12, 5, 2, 1, 6, 8, 3, 14, 11]",389,2024-09-29 03:16:20.122644,2024-09-29 03:16:30.200224,10.07758
GA-P,136,16,"[14, 9, 7, 3, 8, 6, 1, 2, 5, 12, 13, 10, 4, 15, 0, 11]",410,2024-09-29 03:16:30.200657,2024-09-29 03:16:30.364977,0.16432
GA-N,136,16,"[8, 6, 1, 2, 5, 15, 4, 10, 13, 12, 3, 7, 9, 0, 14, 11]",457,2024-09-29 03:16:30.365342,2024-09-29 03:16:30.485265,0.119923
B&B,137,16,"[0, 8, 14, 1, 13, 2, 9, 7, 11, 3, 12, 4, 10, 15, 5, 6]",554,2024-09-29 03:16:30.485441,2024-09-29 03:16:48.829810,18.344369
GA-P,137,16,"[14, 1, 13, 2, 9, 7, 11, 3, 12, 4, 10, 15, 5, 6, 0, 8]",554,2024-09-29 03:16:48.830239,2024-09-29 03:16:48.913292,0.083053
GA-N,137,16,"[13, 9, 2, 4, 12, 3, 11, 7, 10, 15, 5, 6, 0, 8, 14, 1]",693,2024-09-29 03:16:48.913662,2024-09-29 03:16:49.039038,0.125376
B&B,138,16,"[0, 7, 5, 8, 1, 12, 14, 15, 2, 11, 6, 4, 13, 3, 10, 9]",558,2024-09-29 03:16:49.039395,2024-09-29 03:18:58.999413,129.960018
GA-P,138,16,"[1, 0, 7, 5, 8, 12, 14, 4, 6, 11, 2, 15, 10, 9, 3, 13]",625,2024-09-29 03:18:58.999865,2024-09-29 03:18:59.229780,0.229915
GA-N,138,16,"[10, 9, 0, 1, 12, 7, 5, 8, 11, 6, 4, 14, 15, 2, 13, 3]",582,2024-09-29 03:18:59.230341,2024-09-29 03:18:59.416559,0.186218
B&B,139,16,"[0, 13, 14, 7, 12, 8, 9, 11, 10, 1, 5, 15, 4, 6, 2, 3]",587,2024-09-29 03:18:59.416803,2024-09-29 03:20:55.011904,115.595101
GA-P,139,16,"[10, 1, 7, 12, 6, 2, 3, 0, 5, 8, 9, 11, 14, 13, 4, 15]",655,2024-09-29 03:20:55.012334,2024-09-29 03:20:55.159934,0.1476
GA-N,139,16,"[15, 4, 13, 14, 7, 12, 11, 10, 1, 8, 9, 6, 2, 3, 0, 5]",650,2024-09-29 03:20:55.160295,2024-09-29 03:20:55.343749,0.183454
B&B,140,17,"[0, 13, 9, 7, 6, 4, 10, 14, 3, 15, 2, 8, 16, 5, 12, 1, 11]",461,2024-09-29 03:20:55.343964,2024-09-29 03:22:54.778227,119.434263
GA-P,140,17,"[7, 16, 5, 12, 1, 11, 0, 13, 9, 14, 3, 15, 2, 8, 10, 4, 6]",534,2024-09-29 03:22:54.778698,2024-09-29 03:22:54.987378,0.20868
GA-N,140,17,"[7, 6, 0, 13, 9, 15, 2, 8, 4, 10, 14, 3, 11, 1, 12, 5, 16]",681,2024-09-29 03:22:54.987972,2024-09-29 03:22:55.198850,0.210878
B&B,141,17,"[0, 12, 7, 14, 5, 10, 13, 3, 11, 1, 6, 15, 8, 16, 2, 4, 9]",685,2024-09-29 03:22:55.199228,2024-09-29 03:32:15.283249,560.084021
GA-P,141,17,"[0, 12, 7, 14, 13, 10, 5, 16, 8, 9, 4, 2, 3, 11, 6, 15, 1]",725,2024-09-29 03:32:15.283723,2024-09-29 03:32:15.463249,0.179526
GA-N,141,17,"[7, 15, 6, 4, 2, 8, 16, 5, 14, 13, 3, 11, 1, 0, 9, 10, 12]",871,2024-09-29 03:32:15.463735,2024-09-29 03:32:15.582789,0.119054
B&B,142,17,"[0, 15, 7, 1, 6, 11, 4, 13, 12, 8, 14, 10, 9, 16, 3, 2, 5]",401,2024-09-29 03:32:15.582986,2024-09-29 03:32:43.148314,27.565328
GA-P,142,17,"[3, 16, 9, 10, 14, 8, 12, 13, 4, 11, 6, 1, 7, 15, 0, 5, 2]",401,2024-09-29 03:32:43.148938,2024-09-29 03:32:43.288063,0.139125
GA-N,142,17,"[8, 16, 9, 2, 5, 0, 15, 7, 1, 6, 11, 4, 13, 12, 3, 10, 14]",503,2024-09-29 03:32:43.288467,2024-09-29 03:32:43.445349,0.156882
B&B,143,17,"[0, 11, 10, 9, 13, 2, 7, 14, 16, 5, 1, 3, 6, 4, 15, 8, 12]",533,2024-09-29 03:32:43.445556,2024-09-29 03:33:32.095108,48.649552
GA-P,143,17,"[14, 16, 5, 1, 0, 11, 12, 2, 13, 9, 10, 8, 15, 4, 6, 3, 7]",607,2024-09-29 03:33:32.095576,2024-09-29 03:33:32.308640,0.213064
GA-N,143,17,"[13, 3, 15, 4, 6, 7, 14, 16, 5, 1, 9, 8, 10, 11, 0, 12, 2]",587,2024-09-29 03:33:32.309215,2024-09-29 03:33:32.498172,0.188957
B&B,144,17,"[0, 11, 16, 13, 6, 5, 7, 15, 2, 10, 8, 9, 12, 1, 4, 3, 14]",678,2024-09-29 03:33:32.498433,2024-09-29 03:39:35.457759,362.959326
GA-P,144,17,"[15, 7, 1, 11, 16, 3, 4, 13, 6, 5, 10, 8, 12, 9, 14, 0, 2]",834,2024-09-29 03:39:35.458248,2024-09-29 03:39:35.573492,0.115244
GA-N,144,17,"[3, 14, 5, 6, 10, 8, 9, 12, 1, 7, 15, 2, 0, 11, 16, 13, 4]",766,2024-09-29 03:39:35.573904,2024-09-29 03:39:35.714349,0.140445
B&B,145,17,"[0, 1, 4, 10, 15, 9, 8, 12, 14, 7, 16, 3, 6, 2, 11, 5, 13]",504,2024-09-29 03:39:35.714710,2024-09-29 03:41:27.050838,111.336128
GA-P,145,17,"[7, 14, 2, 6, 16, 3, 8, 12, 4, 10, 15, 9, 11, 5, 13, 0, 1]",603,2024-09-29 03:41:27.051314,2024-09-29 03:41:27.314693,0.263379
GA-N,145,17,"[9, 15, 1, 4, 10, 5, 13, 0, 3, 8, 12, 14, 2, 6, 16, 7, 11]",705,2024-09-29 03:41:27.315296,2024-09-29 03:41:27.476100,0.160804
B&B,146,17,"[0, 8, 5, 4, 11, 9, 12, 7, 15, 2, 1, 6, 13, 10, 3, 14, 16]",574,2024-09-29 03:41:27.476288,2024-09-29 03:43:31.846820,124.370532
GA-P,146,17,"[1, 8, 0, 3, 10, 14, 2, 4, 5, 16, 7, 15, 13, 6, 12, 9, 11]",943,2024-09-29 03:43:31.847324,2024-09-29 03:43:31.957221,0.109897
GA-N,146,17,"[9, 11, 1, 13, 10, 3, 14, 2, 15, 7, 16, 0, 8, 5, 4, 6, 12]",832,2024-09-29 03:43:31.957634,2024-09-29 03:43:32.134321,0.176687
B&B,147,17,"[0, 1, 10, 7, 12, 8, 11, 13, 6, 16, 2, 5, 14, 4, 9, 15, 3]",568,2024-09-29 03:43:32.134689,2024-09-29 03:44:47.453470,75.318781
GA-P,147,17,"[5, 11, 13, 6, 16, 3, 15, 10, 7, 12, 8, 0, 1, 2, 9, 4, 14]",747,2024-09-29 03:44:47.454005,2024-09-29 03:44:47.643617,0.189612
GA-N,147,17,"[14, 12, 7, 10, 6, 16, 2, 5, 11, 8, 0, 1, 13, 3, 15, 9, 4]",810,2024-09-29 03:44:47.644066,2024-09-29 03:44:47.825780,0.181714
B&B,148,17,"[0, 10, 11, 4, 5, 9, 14, 13, 16, 8, 2, 3, 6, 12, 15, 1, 7]",463,2024-09-29 03:44:47.825991,2024-09-29 03:45:52.027620,64.201629
GA-P,148,17,"[12, 15, 1, 7, 0, 4, 11, 6, 3, 10, 13, 14, 9, 5, 2, 8, 16]",626,2024-09-29 03:45:52.028178,2024-09-29 03:45:52.138139,0.109961
GA-N,148,17,"[15, 12, 16, 8, 2, 3, 6, 4, 1, 7, 0, 10, 11, 13, 14, 9, 5]",612,2024-09-29 03:45:52.138581,2024-09-29 03:45:52.266821,0.12824
B&B,149,17,"[0, 3, 1, 7, 5, 12, 8, 15, 16, 4, 2, 6, 13, 10, 11, 9, 14]",532,2024-09-29 03:45:52.267186,2024-09-29 03:48:07.612015,135.344829
GA-P,149,17,"[3, 1, 7, 5, 12, 16, 4, 2, 6, 13, 10, 11, 9, 14, 8, 15, 0]",556,2024-09-29 03:48:07.612516,2024-09-29 03:48:07.857113,0.244597
GA-N,149,17,"[7, 15, 16, 4, 10, 14, 0, 3, 1, 9, 11, 13, 6, 2, 8, 12, 5]",651,2024-09-29 03:48:07.857738,2024-09-29 03:48:08.066382,0.208644
B&B,150,18,"[0, 2, 5, 11, 10, 8, 6, 3, 9, 15, 14, 16, 12, 13, 4, 1, 7, 17]",567,2024-09-29 03:48:08.066863,2024-09-29 04:02:59.424184,891.357321
GA-P,150,18,"[1, 7, 4, 2, 5, 11, 10, 8, 6, 15, 0, 17, 12, 13, 9, 3, 16, 14]",669,2024-09-29 04:02:59.424703,2024-09-29 04:02:59.615110,0.190407
GA-N,150,18,"[12, 13, 9, 16, 3, 11, 10, 14, 1, 7, 4, 2, 5, 8, 6, 15, 0, 17]",800,2024-09-29 04:02:59.615606,2024-09-29 04:02:59.738708,0.123102
B&B,151,18,"[0, 9, 16, 4, 10, 3, 5, 6, 1, 14, 15, 7, 12, 2, 8, 13, 11, 17]",697,2024-09-29 04:02:59.738936,2024-09-29 04:49:24.312562,2784.573626
GA-P,151,18,"[2, 12, 7, 17, 1, 9, 0, 16, 4, 6, 5, 3, 10, 14, 15, 11, 13, 8]",813,2024-09-29 04:49:24.313128,2024-09-29 04:49:24.467286,0.154158
GA-N,151,18,"[6, 13, 9, 1, 14, 15, 7, 12, 8, 2, 11, 17, 0, 16, 4, 10, 3, 5]",809,2024-09-29 04:49:24.467821,2024-09-29 04:49:24.646871,0.17905
B&B,152,18,"[0, 9, 17, 11, 6, 14, 13, 12, 2, 4, 1, 10, 15, 5, 7, 8, 3, 16]",579,2024-09-29 04:49:24.647231,2024-09-29 05:14:09.610152,1484.962921
GA-P,152,18,"[10, 15, 0, 9, 17, 11, 3, 16, 5, 7, 8, 6, 14, 13, 12, 2, 4, 1]",600,2024-09-29 05:14:09.610675,2024-09-29 05:14:09.874126,0.263451
GA-N,152,18,"[3, 8, 0, 12, 16, 5, 7, 6, 14, 13, 9, 2, 4, 1, 10, 15, 17, 11]",704,2024-09-29 05:14:09.874754,2024-09-29 05:14:10.026754,0.152
B&B,153,18,"[0, 15, 5, 17, 1, 3, 16, 2, 14, 4, 13, 10, 12, 6, 8, 9, 7, 11]",740,2024-09-29 05:14:10.026960,2024-09-29 06:00:47.059601,2797.032641
GA-P,153,18,"[3, 10, 13, 4, 15, 0, 11, 7, 9, 8, 6, 12, 14, 2, 16, 5, 17, 1]",761,2024-09-29 06:00:47.060129,2024-09-29 06:00:47.188233,0.128104
GA-N,153,18,"[11, 7, 9, 8, 6, 12, 14, 4, 15, 0, 5, 17, 1, 3, 16, 2, 13, 10]",815,2024-09-29 06:00:47.188724,2024-09-29 06:00:47.417663,0.228939
B&B,154,18,"[0, 4, 13, 11, 15, 10, 17, 16, 6, 8, 3, 2, 1, 5, 14, 9, 12, 7]",555,2024-09-29 06:00:47.417991,2024-09-29 06:10:11.484468,564.066477
GA-P,154,18,"[9, 12, 7, 10, 17, 1, 5, 14, 16, 6, 0, 4, 13, 11, 15, 8, 3, 2]",608,2024-09-29 06:10:11.484990,2024-09-29 06:10:11.656177,0.171187
GA-N,154,18,"[1, 8, 3, 2, 17, 10, 7, 12, 16, 6, 0, 4, 13, 11, 15, 9, 14, 5]",756,2024-09-29 06:10:11.656653,2024-09-29 06:10:11.844629,0.187976
B&B,155,18,"[0, 8, 16, 6, 14, 7, 11, 12, 3, 10, 15, 4, 2, 9, 5, 13, 1, 17]",609,2024-09-29 06:10:11.844872,2024-09-29 06:29:55.993740,1184.148868
GA-P,155,18,"[16, 3, 10, 15, 12, 11, 7, 14, 6, 17, 0, 8, 4, 1, 13, 5, 2, 9]",657,2024-09-29 06:29:55.994425,2024-09-29 06:29:56.207673,0.213248
GA-N,155,18,"[0, 7, 11, 13, 5, 2, 4, 1, 3, 16, 8, 12, 10, 15, 9, 14, 6, 17]",763,2024-09-29 06:29:56.208331,2024-09-29 06:29:56.398781,0.19045
B&B,156,18,"[0, 5, 7, 4, 17, 9, 6, 15, 3, 2, 16, 8, 12, 13, 10, 11, 1, 14]",664,2024-09-29 06:29:56.398991,2024-09-29 06:53:16.291374,1399.892383
GA-P,156,18,"[9, 8, 12, 16, 2, 3, 15, 6, 17, 4, 7, 10, 13, 5, 0, 14, 1, 11]",740,2024-09-29 06:53:16.292088,2024-09-29 06:53:16.485949,0.193861
GA-N,156,18,"[13, 12, 16, 8, 9, 10, 7, 4, 17, 15, 6, 11, 1, 14, 3, 2, 0, 5]",896,2024-09-29 06:53:16.486402,2024-09-29 06:53:16.642185,0.155783
